{
  "best_params": {
    "subsample": 1.0,
    "reg_lambda": 15,
    "reg_alpha": 5.0,
    "n_estimators": 400,
    "min_child_weight": 10,
    "max_depth": 5,
    "learning_rate": 0.03,
    "gamma": 2.0,
    "colsample_bytree": 1.0
  },
  "test_accuracy": 0.5099601593625498,
  "test_auc": 0.5125799641252758,
  "train_accuracy": 0.6112493777999004,
  "best_cv_score": 0.5079967903551154
}