{
  "Test": {
    "dataset": "Test",
    "n_samples": 2362,
    "rmse": 0.00809175207908651,
    "mae": 0.002865498187020421,
    "r2": 0.9999996423721313,
    "mape": 667543089971200.0,
    "mean_actual": 12.585097375105843,
    "std_actual": 13.15137481966958,
    "min_actual": 0.0,
    "max_actual": 48.0,
    "mean_predicted": 12.585322380065918,
    "std_predicted": 13.145224571228027,
    "min_predicted": 0.003142781788483262,
    "max_predicted": 47.98240661621094,
    "mean_residual": -0.00022479974046494625,
    "std_residual": 0.008090341990997119
  }
}