{
  "Test": {
    "dataset": "Test",
    "n_samples": 1136,
    "rmse": 6.658203984397862,
    "mae": 5.329280376434326,
    "r2": -0.04069960117340088,
    "mape": 24.389879405498505,
    "mean_actual": 25.057218309859156,
    "std_actual": 6.529585721951771,
    "min_actual": 7.0,
    "max_actual": 48.0,
    "mean_predicted": 25.779142379760742,
    "std_predicted": 2.374189615249634,
    "min_predicted": 18.409955978393555,
    "max_predicted": 34.37429428100586,
    "mean_residual": -0.7219248288114306,
    "std_residual": 6.621865802871476
  }
}