{
  "Test": {
    "dataset": "Test",
    "n_samples": 1136,
    "rmse": 6.59908422416749,
    "mae": 5.304129123687744,
    "r2": -0.0317692756652832,
    "mape": 24.23148900270462,
    "mean_actual": 25.065140845070424,
    "std_actual": 6.499554683319987,
    "min_actual": 7.0,
    "max_actual": 48.0,
    "mean_predicted": 25.870920181274414,
    "std_predicted": 2.4586851596832275,
    "min_predicted": 18.29195785522461,
    "max_predicted": 34.984291076660156,
    "mean_residual": -0.8057790843533797,
    "std_residual": 6.552589613883648
  }
}