{
  "Test": {
    "dataset": "Test",
    "n_samples": 1136,
    "rmse": 6.365902561584177,
    "mae": 5.091917037963867,
    "r2": 0.03991442918777466,
    "mape": 23.36704134941101,
    "mean_actual": 25.04225352112676,
    "std_actual": 6.4997439347044805,
    "min_actual": 7.0,
    "max_actual": 48.0,
    "mean_predicted": 25.717573165893555,
    "std_predicted": 1.8558063507080078,
    "min_predicted": 20.750137329101562,
    "max_predicted": 32.72493362426758,
    "mean_residual": -0.6753209493529628,
    "std_residual": 6.33276878155999
  }
}