{
  "Test": {
    "dataset": "Test",
    "n_samples": 1136,
    "rmse": 6.3840145627383915,
    "mae": 5.114722728729248,
    "r2": 0.034443438053131104,
    "mape": 23.499923944473267,
    "mean_actual": 25.04225352112676,
    "std_actual": 6.4997439347044805,
    "min_actual": 7.0,
    "max_actual": 48.0,
    "mean_predicted": 25.772825241088867,
    "std_predicted": 1.9135369062423706,
    "min_predicted": 20.812204360961914,
    "max_predicted": 33.29349899291992,
    "mean_residual": -0.730572158182171,
    "std_residual": 6.344867679027118
  }
}