{
  "Test": {
    "dataset": "Test",
    "n_samples": 1136,
    "rmse": 6.51033606720942,
    "mae": 5.233505725860596,
    "r2": -0.00414586067199707,
    "mape": 23.97591471672058,
    "mean_actual": 25.04225352112676,
    "std_actual": 6.4997439347044805,
    "min_actual": 7.0,
    "max_actual": 48.0,
    "mean_predicted": 25.791614532470703,
    "std_predicted": 2.372845411300659,
    "min_predicted": 19.41719627380371,
    "max_predicted": 34.47062683105469,
    "mean_residual": -0.7493614478850029,
    "std_residual": 6.46991351478131
  }
}