{
  "Test": {
    "dataset": "Test",
    "n_samples": 1136,
    "rmse": 1.4097992083110689,
    "mae": 1.0369008779525757,
    "r2": 0.9529098868370056,
    "mape": 4.575201869010925,
    "mean_actual": 25.065140845070424,
    "std_actual": 6.499554683319987,
    "min_actual": 7.0,
    "max_actual": 48.0,
    "mean_predicted": 25.05592155456543,
    "std_predicted": 6.351545810699463,
    "min_predicted": 10.755515098571777,
    "max_predicted": 46.908626556396484,
    "mean_residual": 0.009220088871432022,
    "std_residual": 1.4103899515101792
  }
}