{
  "Test": {
    "dataset": "Test",
    "n_samples": 2362,
    "rmse": 2.53916710271311,
    "mae": 1.0418802499771118,
    "r2": 0.9627072811126709,
    "mape": 1.889772993773568e+17,
    "mean_actual": 12.585097375105843,
    "std_actual": 13.15137481966958,
    "min_actual": 0.0,
    "max_actual": 48.0,
    "mean_predicted": 12.610527038574219,
    "std_predicted": 12.901290893554688,
    "min_predicted": -1.4541372060775757,
    "max_predicted": 46.53533935546875,
    "mean_residual": -0.02542927938741754,
    "std_residual": 2.53957735921229
  }
}