{
  "Test": {
    "dataset": "Test",
    "n_samples": 1136,
    "rmse": 6.569115782624579,
    "mae": 5.254687786102295,
    "r2": -0.022419452667236328,
    "mape": 24.027837812900543,
    "mean_actual": 25.065140845070424,
    "std_actual": 6.499554683319987,
    "min_actual": 7.0,
    "max_actual": 48.0,
    "mean_predicted": 25.86699867248535,
    "std_predicted": 2.3670778274536133,
    "min_predicted": 18.39354133605957,
    "max_predicted": 32.465576171875,
    "mean_residual": -0.8018581078086101,
    "std_residual": 6.522864227820824
  }
}