{
  "Test": {
    "dataset": "Test",
    "n_samples": 1136,
    "rmse": 0.8386455060902709,
    "mae": 0.3896118402481079,
    "r2": 0.9834343194961548,
    "mape": 1.7800327390432358,
    "mean_actual": 25.058978873239436,
    "std_actual": 6.5187664312027085,
    "min_actual": 7.0,
    "max_actual": 48.0,
    "mean_predicted": 25.03761863708496,
    "std_predicted": 6.378098011016846,
    "min_predicted": 8.564899444580078,
    "max_predicted": 47.8116455078125,
    "mean_residual": 0.02136147609898742,
    "std_residual": 0.8387426707607533
  }
}